emis_key,school_name
700250688,gp Gustav Preller Primary School
700121590,gp Motjoli Primary School
700400084,gp Inkululeko Yesizwe Primary School
700400528,gp Khulanolwazi Primary School
700251983,gp Thusong Combined School
700320093,gp Frikkie Meyer Primary School
700220335,gp Meyerspark Primary School
700220954,gp FF Ribiero Primary School (ex Ntshabohloko)
700350629,gp Dan Radebe Primary School
700911971,gp Seroto Matshehla Primary School
700340778,gp Masizakhe Primary School
700110775,gp Itemogele Primary School
700220293,gp Derdepoort Primary School
700221093,gp Sikhanyisele Primary School
700221150,gp Tshimollo Primary School
700271007,gp Phandulwazi Primary School
700132639,gp Nka Thuto Primary School
700210864,gp Witpoort Nr 224 Primary School
700260091,gp Edleen Primary School
700270363,gp Rapportryer Primary School
700221333,gp Transvalia Special School
700340901,gp Mogobeng Primary School
700150391,gp Delta Park School
700350280,gp Jan van Riebeeck Primary School
700150235,gp Bryneven Primary School
700350975,gp Ntokozweni Primary School
700400079,gp Mpumelelo Primary School
700210708,gp Fleur Primary School
700400698,gp Stanley Ramoba Primary School
700251371,gp Enkolweni Primary School
700160903,gp Elandia Primary School
700130831,gp Linksfield Primary School
700911114,gp Maropeng Primary School
700330472,gp Voorwaarts Primary School
700910825,gp Leboneng Primary School
700340679,gp Intokozo Primary School
700911852,gp Redirile Primary School
700240994,gp Mokonyama Primary School (MANDELA VILLAGE)
700260919,gp Isekelo Primary School
700400245,gp Chief Luthuli Primary School
700121889,gp Wisani Primary School
700241075,gp Phakamonola Primary School
700211623,gp Rethabiseng Primary School
700152421,gp Zenzeleni Primary School
700111021,gp Merafe Primary School
700131300,gp Asteri Primary School
700210914,gp Lyttelton Primary School
700132563,gp Molemo Primary School
700341438,gp Ukhanyiso Primary School
700271304,gp Itumeleng School for Severely Mentally Disabled
700330985,gp Madume Primary School
700260695,gp Ebomini Primary School
700140467,gp Ekuthuleni Combined School
700130757,gp King Edward V11 Primary School
700341461,gp Umzamo Primary School
700330456,gp Unitaspark Primary School
700110676,gp Esithebeni Primary School
700260422,gp Nobel Primary School
700231514,gp Banareng Primary School
700231936,gp Marematlou Primary School
700261694,gp Reagile Primary School
700320101,gp Hendrik van der Bijl Primary School
700120766,gp Turffontein Primary School
700331561,gp Zonkizizwe Primary School (Orange Farm)
700220525,gp Agnes Chidi Primary School
700251900,gp Sizwile School for the Deaf
700221408,gp Tshegofatsong Special School
700400106,gp Igugulethu Primary School
700910937,gp Lowe Primary School
700150227,gp Bryanston Primary School
700231365,gp Prospectus Novus Special School
700130815,gp Kensington Primary School
700311662,gp Kingsway Primary School
700211177,gp Unica Special School
700150359,gp Craighall Primary School
700231399,gp Robert Hicks Primary School
700270348,gp Driefontein East Primary School
700321588,gp Tjhabatsatsi Primary School
700340158,gp Heidelberg Public Primary School
700260901,gp Ipontshe Primary School
700140061,gp Gr Harris Primary School
700231829,gp Kgabo Primary School
700350272,gp Hannes Visagie Primary School
700251835,gp Schaumburg Intermediate School
700250829,gp Roodebeeck Primary School
700210765,gp Monumentpark Primary School
700130823,gp Leicester Road Primary School
700161000,gp Westwood Primary School
700270769,gp Ipeleng Primary School
700332015,gp Reitumetse Primary School
700111096,gp Motsaneng Primary School
700220392,gp Totiusdal Primary School
700400379,gp Mashudu Primary School
700311498,gp Sibonelo Combined School
700310987,gp Daveyton Intermediate School
700141234,gp Everest Primary School
700210740,gp Lynnwood Primary School
700110460,gp Danie Theron Combined School (KIBLERPARK)
700911829,gp Reneilwe Primary School
700221390,gp Legora Primary School
700400030,gp Motheo-foundation Primary School
700241018,gp Nchuncheko Primary School
700311688,gp Wj Mpengesi Primary School
700232454,gp Prinshof Special School
700251876,gp Senyamo Primary School
700221515,gp Pfunzo Ndi Tshedza Primary School
700330621,gp Sancta Maria Junior Primary School
700130724,gp Kensington Ridge Primary School
700131086,gp Observatory Girls' Primary School
700140855,gp Nandi Primary School
700311449,gp Phumlani Primary School
700919000,gp Refentse Primary School (STINKWATER)
700910777,gp Kudube Primary School
700121673,gp Paul Mosaka Primary School
700220996,gp Pula-Difate Primary School
700110486,gp Mulbarton Primary School
700330498,gp Meyerton Primary School
700152033,gp Blair Atholl Farm Primary School
700151340,gp Rembrandt Park Primary School
700320887,gp Magasela Primary School
700231027,gp Wespark Primary School
700271015,gp Phororong Combined School
700311811,gp Kgolagano Primary School
700320622,gp Itokisetse Primary School
700331231,gp Reamohetsoe Primary School
700321786,gp Thabo-Vuyo Special School
700110841,gp Khuthala Primary School
700110163,gp Sierra Nevada Primary School
700330100,gp Destinata Special School
700220905,gp Motheo Primary School
700311233,gp Lerutle Primary School
700221077,gp Shirinda Primary School
700152827,gp Musenga Vhadzimu Primary School
700121541,gp Mdelwa Hlongwane Primary School
700131078,gp Observatory East Primary School
700350967,gp Nomnekane Primary School
700140731,gp Livhuwani Primary School
700121830,gp Tlholohelo Primary School
700110635,gp Emaweni Primary School
700230904,gp Jopie Fourie Primary School
700261396,gp Tshepisa Primary School
700400700,gp Rathanda Ext 23 Primary School
700230029,gp Hillside Primary School
700340067,gp Palmridge Intermediate School
700230144,gp Arcadia Primary School
700261370,gp Tlamatlama Primary School
700924602,gp Sikhulisile Primary School
700340455,gp Boneha Combined School
700130690,gp John Mitchell Primary School
700230995,gp Simon Bekker Primary School
700340893,gp Matsediso Primary School
700150805,gp Bryanston Parallel Medium Primary School
700910355,gp Ema Primary School
700251363,gp Durban Deep Primary School
700120774,gp Voorbrand Primary School
700110080,gp Aloe Ridge Primary School
700130658,gp Jeppe High Primary School
700924381,gp Mkhambi Primary School
700912133,gp Tidimalong Primary School
700270355,gp Randfontein Primary School
700111567,gp Saint George Primary School
700251389,gp Entuthukweni Primary School
700210674,gp Doringkloof Primary School
700261032,gp Marhulana Primary School
700110577,gp Busisiwe Primary School
700152173,gp Ithute Primary School
700270645,gp Brandvlei Farm Primary School
700351015,gp Qedusizi Primary School
700400570,gp Khutsong South Primary School
700121202,gp Winchester Ridge Primary School
700231423,gp Sunnyside Primary School
700221507,gp Jan Kotlolo Primary School (Nellmapius Primary School No 3)
700350660,gp Edalinceba Primary School
700110585,gp Dikgabane Primary School
700131508,gp Sir Edmund Hillary Primary School
700320291,gp Barrage Farm Primary School
700270314,gp Jongspan Primary School
700261388,gp Tlhakanang Primary School
700260885,gp Phomolong Primary School
700251256,gp Bonamelo Primary School
700311373,gp Melodi Primary School
700120758,gp Theo Wassenaar Primary School
700330480,gp Vryheidsmonument Primary School
700400204,gp Somelulwazi Primary School
700321067,gp Moloantoa Primary School
700121004,gp Regents Park Primary School
700331314,gp Seliba Primary School
700320853,gp Letshego Primary School
700210948,gp Nuwe Hoop Special School
700241489,gp Tsosoloso Special School
700311126,gp Isaac Makau Primary School
700111823,gp Elethu Themba Public Intermediate School
700211219,gp Waterkloof Primary School
700251512,gp Khaselihle Combined School
700232462,gp Hennopsrivier Primary School
700132555,gp Molaetsa Primary School
700321299,gp Pohopedi Primary School
700221440,gp Ramahlale Primary School
700121749,gp Sekwati Primary School
700350405,gp Pinegrove Primary School
700252015,gp Tsakani Primary School
700252833,gp Faranani Primary School
700251264,gp Bosele Public Intermediate School
700220418,gp Queenswood Primary School
700150136,gp Bordeaux Primary School
700121863,gp Welizibuko Primary School
700310631,gp Dalpark Primary School
700121079,gp Crestview Primary School
700330365,gp Emfulenipark Primary School
700320143,gp Parksig Primary School
700211771,gp Wagendrift Farm Primary School
700270652,gp Bulelani Primary School
700911112,gp Marokolong Primary School
700121178,gp Townsview Primary School
700400113,gp Moses Kotane Primary School
700232231,gp Seaparankwe Primary School
700311043,gp Enkangala Primary School
700232421,gp Pierneef Primary School
700311407,gp Nchabeleng Primary School
700250696,gp Hekpoort Primary School
700340661,gp Igagasi Primary School
700110304,gp Progress Primary School
700220343,gp Nellie Swart Primary School
700340794,gp Kumalo Primary School
700350033,gp Nigel Intermediate School
700161919,gp Mthimkhulu Primary School
700910568,gp Itireleng Primary School
700121038,gp Robertsham Primary School
700910824,gp Lebogang Primary School
700340273,gp Generaal Alberts Primary School
700210690,gp Elarduspark Primary School
700260018,gp Aston Manor Primary School
700400114,gp Nkone Maruping Primary School
700321133,gp Motsewapele Primary School
700120238,gp Frances Vorwerg Special School
700260984,gp Khatlamping Primary School
700351262,gp Zakheni Primary School (NIGEL)
700220970,gp Pheladi-Nakene Primary School
700140442,gp Dumezweni Primary School
700911120,gp Marula Primary School
700341032,gp Nqubela Primary School (ALBERTON)
700130872,gp Malvern Primary School
700110171,gp Kiasha Park Primary School
700240358,gp Voortrekker-Eeufees Primary School
700400021,gp Emfuleni Primary School
700232256,gp St Annes Primary School
700220137,gp Dirk Postma Reformed Intermediate School
700131466,gp Saxonwold Primary School
700260992,gp Khula Sizwe Primary School
700340950,gp Montic Factory Primary School
700350900,gp Mmuso Primary School
151290,gp Randburg Special School
700110619,gp Ebuhleni Primary School
700260083,gp Cresslawn Primary School
700250720,gp Horison Primary School
700351106,gp Sithembiso Primary School
700400354,gp Katlehong Primary School
700133165,gp Thulasizwe Primary
700160937,gp Germiston Primary School
700141317,gp Thembalethu Primary School (SOWETO)
700110528,gp Atamelang Primary School
700110650,gp Emseni Primary School
700220038,gp Jakaranda Primary School
700320580,gp Ikokobetseng Primary School
700132944,gp Shomang Primary School
700250860,gp Monument Primary School
700351312,gp Zithembeni Primary School
700162057,gp Thabang Primary School (VOSLOORUS)
700400699,gp Rosslyn Primary School
700400214,gp JB Marks Primary School
700400623,gp Basa Primary School
700311068,gp Funukukhanya Primary School
700111419,gp Tshilidzi Primary School
700152165,gp Iphutheng Primary School
700220863,gp Mogale Primary School
700160325,gp Dinwiddie Primary School
700133744,gp Doug Whitehead Special School
700321620,gp Tshemedi Primary School
700140020,gp Bosmont Primary School
700140251,gp Generaal Christiaan De Wet Primary School
700331199,gp Qoqisizwe Primary School
700250662,gp Florida Primary School
700341321,gp Thabotona Farm Primary School
700131953,gp Bethany Combined School
700400154,gp Lotus Gardens Primary School
700111278,gp Sibongile Primary School
700261438,gp Umthambeka Primary School
700131276,gp Hesperus Primary School
700221168,gp Umthombo Primary School
700210815,gp Swartkop Primary School
130534,gp Hope Special School
700210682,gp Du Preez van Wyk Primary School
700400206,gp Gideon Rambuwani Combined School
700161950,gp New Comet Mine Primary School
700132506,gp Moetapele Primary School
700241158,gp Refithlile Pele No 1 Primary School
700241638,gp Die Poort Primary School
700341222,gp Sekgutlong Primary School
700162347,gp Phumula Primary School
700341883,gp Thembalethu Primary School (GERMISTON)
700252817,gp Lewisham Primary School
700340141,gp Glenview Primary School
700133470,gp Crown Reef Mine Primary School
700400421,gp Lion Park Primary School
700132340,gp Johannesburg Hospital School
700400582,gp Matlapeng Primary School
700311282,gp Thembelihle Primary School
700160895,gp Die President Primary School
700152132,gp Gordon Primary School
700141085,gp Tshireletso Primary School
700331918,gp Stretford Ext 8 Primary School
700210823,gp Tygerpoort Primary School
700003976,gp Lebohang Special School
700241091,gp Phuthanang Primary School
700251272,gp Bottom Primary Mine Primary School
700141127,gp Tumang Primary School
700270918,gp Matlapaneng Primary School
700341156,gp Reahile Primary School
700321711,gp Ubuhle Primary School (VANDERBILPARK)
700250621,gp Die Ruiter Primary School
700341107,gp Magagula Primary School
700211458,gp Knoppiesfontein Farm Primary School
700121699,gp Phakamani Primary School
700260752,gp Entshonalanga Primary School
700330811,gp Duzenendlela Farm Primary School
700320705,gp Khunoana Primary School
700260026,gp Birch Acres Primary School
700321315,gp Qhoweng Primary School
700400205,gp Drake Koka Primary School
700331124,gp Panfontein Primary School
700111138,gp Nhluvuko Primary School
700400351,gp Phomolong 2 Primary School
700250704,gp Helderkruin Primary School
700110239,gp Libra Primary School
700400209,gp Lehae Primary School
700270801,gp Kamohelo Public Combined School
700910876,gp Lesego Primary School (GA-RANKUWA)
700160986,gp Oosterkruin Primary School
700320804,gp Lefika Primary School
700250159,gp Florida Combined School
700340695,gp Izibuko Primary School
700150011,gp Allanridge Combined School
700311191,gp Khombindlela Primary School
700260729,gp Emmangweni Primary School
700911807,gp Reimolotswe Primary School
700400085,gp Langalibalele Dube Primary School
700350017,gp Alrapark Primary School
130377,gp Forest Town Special School
700911446,gp Motshegofadiwa Primary School
700110106,gp Greyville Primary School
700330415,gp Republiek Primary School
700211706,gp Thereso Farm Primary School
700241042,gp Onderstepoort Primary School
700140533,gp Giyani Primary School
700911001,gp Mahlwareng Primary School
700320366,gp Botlehadi Primary School
700220558,gp Bohlabatsatsi Primary School (MAMELODI)
700241620,gp Kameelfontein Primary School
700330902,gp Kgomoco Primary School
700140269,gp Jim Fouche Primary School
700210047,gp Brooklyn Primary School
700915064,gp Bachana Mokwena Primary School
700210021,gp Bronkhorstspruit Primary School
700121616,gp Mxolisi Primary School
700312083,gp Sazakhela Primary School
700140103,gp Riverlea Primary School
700160010,gp Drommedaris Primary School
700211649,gp Sedibeng Primary School (CULLINAN)
700911225,gp Mmamotse Primary School
700311571,gp Tsakane Primary School
700160655,gp Hurlyvale Primary School
700110205,gp Madiba Combined School
700400237,gp Reshomile Primary School
700351064,gp Sechaba Primary School
700330332,gp De Deur Primary School
700121228,gp Batsogile Primary School
700121319,gp Entandweni Primary School
103-937 NPO,gp Tebogo Special School
700321224,gp Phahamang Primary School
700260323,gp Birchleigh Primary School
700111088,gp Moriting Primary School (SOWETO)
700271049,gp Seatile Primary School
700350702,gp Fred Habedi Primary School
700321265,gp Phuthulla Primary School
700140905,gp Rishile Primary School
700342056,gp Ratanda Primary School
700260430,gp van Riebeeck Park Primary School
700331637,gp Orange Farm Primary School
700121335,gp Faresani Primary School
700152851,gp Rabasotho Combined School
700241810,gp Bokamoso Primary School
700141093,gp Tsogang Primary School
700251025,gp Silverfields Primary School
700121434,gp Jabavu East Primary School
700260943,gp Isiziba Primary School
700400264,gp Sibekiwe Primary School
700251546,gp Kwaggafontein Farm Primary School
700130286,gp Ep Bauman Primary School
700132928,gp Makola Primary School
700311027,gp Ekukhanyeni Primary School
700342064,gp Greenfields Primary School
700161513,gp Sunnyridge Primary School
700130310,gp Emmarentia Primary School
700120865,gp Naturena Primary School
700331512,gp Vulindlela Primary School
700400031,gp Chief Bambata Primary School
700160960,gp Leondale Parallel Medium Primary School
700331108,gp Nomini Primary School
700310896,gp Baikagetse Primary School
700934044,gp Retlile Primary School
700120063,gp Eldocrest Primary School
700400397,gp Doornpoort Primary School
700111435,gp Impumelelo Junior Primary School
700150920,gp Lyndhurst Primary School
700330423,gp Risiville Primary School
700910574,gp Itseng Primary School
700240804,gp Khensani Primary School
700110312,gp Sharicrest Primary School (SOWETO)
700310508,gp Kommando Primary School
700130443,gp Greenside Primary School
700330399,gp Japie Greyling Primary School
700311175,gp Kgalema Primary School
700210757,gp Menlopark Primary School
700400110,gp Leema-Mokotuli Primary School
700111542,gp Odinpark Primary School
700320473,gp Elite Primary School
700120782,gp WH Coetzer Primary School
700110478,gp Mondeor Primary School
00900BS,gp Modimo O Moholo Special School
700261040,gp Mashemong Primary School
700140889,gp Qhobosheane Primary School
700252841,gp Patrick Mashego Primary School
700910314,gp Ditshaba Primary School
700321331,gp Letsema-ilima Primary School
700321596,gp Tlholo Primary School
700330837,gp Emmanuel Primary School
700130989,gp Melpark Primary School
700120121,gp Firethorn Primary School
700270983,gp Nayaboswa Primary School
700252023,gp Tsholetsega Public Primary School
700110395,gp Glenanda Primary School
700911115,gp Marotola Primary School
700311654,gp Vuyani Primary School
700151415,gp Robin Hills Primary School
700241125,gp Pulamadibogo Primary School
700321489,gp Sivuse Primary School
700220590,gp Dr Im Monare Primary School
700132290,gp Isiseko Primary School
700331249,gp Refalletse Primary School
700240374,gp Northridge Primary School
700111526,gp Zakariyya Park Combined School
700350348,gp Werda Primary School
700151456,gp Rosebank Primary School
700110726,gp Hitekani Primary School
700211482,gp Lucky Farm Primary School
700240291,gp Magalieskruin Primary School
700341271,gp Sithokomele Primary School
700240556,gp Baxoxele Primary School
700160929,gp Elspark Primary School
700230011,gp Andrew Anthony Primary School
700321208,gp Ntsele Primary School
700271056,gp Sedimosang Primary School
700140418,gp Bopanang Primary School
700320507,gp Emanzini Primary School
700911946,gp Selang Primary School
700320440,gp Dr Nhlapo Primary School
700111070,gp Montshiwa Primary School
700161695,gp Bopang-Kgotso Primary School
700330324,gp DF Malherbe Primary School
700341081,gp Phumelela Combined School
700133132,gp Thembalihle Primary School
700331082,gp Moyisela Primary School
700910926,gp Loratong Primary School
700251355,gp Dsj Primary School
700110551,gp Basani Primary School
700260406,gp Kruinsig Primary School
700270322,gp Avante Primary School
700911626,gp Phalesane Primary School
700230086,gp Omar HS Ebrahim Lotus Gardens Primary School
700220731,gp Kutumela-Molefi Intermediate Farm Primary School
700270389,gp Venterspos Primary School
700925413,gp Hlolisisa Primary School
700160200,gp Bedfordview Primary School
700220434,gp Loreto Primary School
700140483,gp Emelang Primary School
700271031,gp Rooipoort Farm Combined School
700121350,gp Hlakaniphani Primary School
700271163,gp Kamogelo Primary School
700241380,gp Tiamoko Primary School
700160978,gp M W De Wet Primary School
700140798,gp Mawila Primary School
700341164,gp Manzini Primary School
700252221,gp Roodepoort Primary School
700110957,gp Luyolo Primary School
700270058,gp Danie Theron Primary School (CARLETONVILLE)
700930749,gp Kokosi Primary School
700320630,gp Itsebeng Primary School
700110684,gp Ezibukweni Primary School
700320978,gp Mfundo-Mtoti Primary School
700210633,gp Anton van Wouw Primary School
700260893,gp Inxiweni Primary School
700140541,gp Hlabangane Primary School
700111393,gp Tiakeni Primary School
700310532,gp Die Arend Primary School
700351031,gp Roseview Primary School
700310888,gp Bafo Chiko Primary School
700311605,gp Umnyezane Primary School
700221176,gp Uoane Primary School
700340299,gp President Steyn Primary School
700331603,gp Intlonipho Primary School
700911638,gp Philemon Montsho Primary School
700231563,gp Bud Mbelle Primary School
700140640,gp Khomanani Primary School
700340042,gp Stoneridge Primary School
700340380,gp Abram Hlophe Primary School
700161026,gp Alston Primary School
700250605,gp Bekker Primary School
700141044,gp Tlhokomelo Primary School
700910822,gp Lebelo Primary School
700160911,gp Elsburg Combined School
700131805,gp Ab Xuma Primary School
700121467,gp Kholwani Primary School
700330712,gp Lesedi La Kreste Anglican Primary School
700321927,gp Dinokeng Farm Primary School
700911798,gp Refilwe Primary School
700241133,gp Raikana Primary School
700270793,gp Isiqalo Primary School
700311183,gp Kgothalong Primary School
700911067,gp Manamelong Primary School
700241224,gp Rs Maluleke Primary School
700132936,gp Shalom-Manne Primary School
700310177,gp Benoni Junior Primary School
700400702,gp Evaton West Primary School
700350801,gp Khangezile Primary School
700911950,gp Selelo Primary School
700133355,gp Crown Reef Primary School
700330936,gp Lehlasedi Primary School
700931778,gp Reakgona Primary School
700140822,gp Tsietsi Mashinini Primary School
700351338,gp Vukucinge Farm Primary School
700341131,gp Qhaqholla Combined School
700311084,gp Gugulesizwe Primary School
700231662,gp Esikhisini Primary School
700320523,gp Fadimeha Primary School
700110981,gp Finetown Primary School
700162305,gp Windmill Park Primary School
700350306,gp PAM Brink Primary School
700110122,gp Impala Crescent Primary School
700111914,gp Tholimfundo Primary School
700230987,gp Saamspan Primary School
700211367,gp Ematsheni Farm Primary School
700141135,gp Tumelo Primary School
700310128,gp Arbor Primary School
700231878,gp Mabafeng Primary School
700161059,gp Martin Primary School
700251520,gp Khululekani Primary School
700932347,gp Xhobani Primary School
700321695,gp Tsokolibane Primary School
700400399,gp Sedi Laka Primary School
700140228,gp Claremont Primary School
700111161,gp Phumuzile Primary School
700211870,gp Hennopspark Primary School
700231530,gp Bathokwa Primary School
700110031,gp Lawley Primary School
700120543,gp Highveld Primary School
700230045,gp Jacaranda Primary School
700271155,gp Tswelelo Primary School
700320879,gp Maboelleng Primary School
700130542,gp Houghton Primary School
700252784,gp Thuthuzekani Primary School
700340034,gp Opelweg Primary School
700232017,gp Motsweding Primary School
700251926,gp Swartkop Valley Farm Combined School
700311423,gp Ntsikana Primary School
700340018,gp Edenpark Primary School
700110593,gp Diodi Primary School
700251157,gp Weltevreden Park Primary School
700122002,gp Lakeview Primary School
700251975,gp Thembile Combined School
700911268,gp Modiselle Primary School
700330506,gp Milton Primary School
700251967,gp Thathezakho Lower Primary School
700250795,gp Nooitgedacht Nr 88 Primary School
700310078,gp Pioneer Primary School
700210849,gp Vhalliespark Primary School
700160093,gp Villa Liza Primary School
700400581,gp Bagale Primary School
700240309,gp Rachel de Beer Primary School
700340497,gp Chivirikani Primary School
700270710,gp Fjl Wells Mine Combined School
700241398,gp Tipfuxeni Primary School
700140764,gp Mangwele Primary School
700141069,gp Totomeng Primary School
700120105,gp Eldridge Primary School
700211060,gp Springvale Primary School
700310540,gp Putfontein Primary School
700160887,gp Delville Primary School
700310623,gp Brakpan Primary School
700251637,gp Maloneys Eye Farm Primary School
700231910,gp Makgwaraneng Primary School
700221085,gp Sindawonye Primary School
700400329,gp Olievenhoutbosch Primary School
700150110,gp Blairgowrie Primary School
700220426,gp Voorpos Primary School
700220053,gp Norridge Park Primary School
700270926,gp Mbulelo Combined School
700340968,gp Morojaneng Primary School
700911394,gp Mosaledi Primary School
700230813,gp Westerlig Primary School
700914035,gp Mokonyama Primary School (RAKOBO)
700260349,gp Chloorkop Primary School
700132878,gp Rutegang Primary School
700910139,gp Boikanyo Primary School (GA-RANKUWA)
700241505,gp Uthando Primary School
700230771,gp Bergsig Primary School
700240341,gp Vissershoek Primary School
700221218,gp Zamintuthuko Primary School
700400401,gp Sizuzile Primary School
700400086,gp Mshuluzane Mayisela Primary School
700912394,gp Phelang Special School (TEMBA)
700130500,gp Hillcrest Primary School
700311159,gp Js Malaza Primary School
700400151,gp Lakeside Estate Primary School
700320812,gp Modishu Lekashu Primary School
700251629,gp Makhoarane Primary School
700220871,gp Mononong Primary School
700121871,gp Winnie-Ngwekazi Primary School
700321356,gp Radipeu Farm Primary School
700133322,gp Zithathele Primary School
700341495,gp Vaaldam Farm Primary School
700221523,gp Vukauzenzele Primary School
700341404,gp Tshabalala Primary School
700231456,gp Transoranje School for the Deaf
700920778,gp Baweze Primary School
700330522,gp Pinedene Primary School
700230789,gp Boerefort Primary School
700130492,gp Berea Primary School
700140616,gp Js Mpanza Primary School
700910678,gp Tokyo Sexwale Primary School
700151126,gp Parkhurst Primary School
700311076,gp George Mbilase Primary School
700261149,gp Phuthumani Primary School
700240861,gp Kutung Primary School
700240671,gp Fanjan Farm Primary School
700351205,gp Umsobomvu Primary School
700331041,gp Michael Rua Farm Intermediate School
700321232,gp Phamehlo Primary School
700250738,gp Jozua Naude Primary School
700133371,gp Fordsburg Primary School
700250811,gp Protearif Primary School
700240903,gp Lindelani Primary School
700120881,gp Park Senior Primary School
700340224,gp Kenton Primary School
700133462,gp Uvuyo Primary School
700341206,gp Samson Primary School
700340570,gp Encochoyini Primary School
700260497,gp Norkem Park Primary School
700250746,gp Kenmare Primary School
700132282,gp Ikwezi Primary School (SOWETO)
700911707,gp Rakale Thabong Primary School
700911187,gp Merafeng Primary School
700400520,gp Mahube Valley Primary School
700140079,gp Noordgesig Primary School
700350520,gp Strubenvale Primary School
700220939,gp N'wa-Vangani Primary School
700400590,gp Orefile Primary School
700400586,gp Onkgopotse Tiro Primary School
700912016,gp Soshangaan Primary School
700211417,gp Foxtrot Farm Primary School
700131052,gp Norwood Primary School
700231019,gp Tuinrand Primary School
700250670,gp Generaal De la Rey Primary School
700251827,gp Sandile Combined School
700321422,gp Seeiso Primary School
700340109,gp Alberton Primary School
700400383,gp The Mossie Primary School
700111476,gp Zola Primary School
700331322,gp Sibonile School for the Blind
700350454,gp Selcourt Primary School
700150516,gp Glenhazel Primary School
700351049,gp Sakhelwe Primary School
700220566,gp Boikgantsho Primary School
700151548,gp Sharonlea Primary School
700240978,gp Mmabana Primary School
700230136,gp Alma Special School
700230185,gp Burgher Right Primary School
700321117,gp Mosioa Primary School
700130054,gp Hugenoot Primary School
700350603,gp Effort Farm Primary School
700120162,gp Goudpark Primary School
700210799,gp Rayton Primary School
700331306,gp Seipone Primary School
700350322,gp Tini Vorster Primary School
700150664,gp I R Griffith Primary School
700250969,gp Princess Primary School
700271064,gp Setholela Primary School
700140871,gp Palesa Primary School
700160077,gp Reiger Park Primary School
700161778,gp Fortune Kunene Primary School
700311597,gp Tshipi-Noto Primary School
700130179,gp Bertrams Junior Primary School
700240333,gp Uniefees Primary School
700140970,gp Thakhisa Primary School
700150243,gp Buccleuch Primary School
700320119,gp Kalabasfontein Primary School
700160408,gp Edenglen Primary School
700241448,gp Tsaroga-Phoka Primary School
700911794,gp Refalotse Primary School
700133256,gp Vezokuhle Primary School
019-690 NPO,gp Kopanong Special School
700320598,gp Imfundo Middle Primary School
700400179,gp Cosmo City Junior Primary School
700925447,gp Sihluziwe Primary School
700261081,gp Mikateka Primary School
700110858,gp Khuthalani Primary School
700260372,gp Jeugpark Primary School
700341057,gp Ntuthuko Primary School
700910845,gp Lekgalong Primary School
700241257,gp Seetsa-sa-Kgwedi Primary School
700111187,gp Protea South Primary School
700110742,gp Indyebo Primary School
700252114,gp West Rand Mine Primary School
700270942,gp Mohlakano Primary School
700340596,gp Fountain Five Primary School
700250878,gp Panorama Primary School
700340836,gp Leratadima Primary School
700150318,gp Sandtonview Intermediate School
700151407,gp Rivonia Primary School
700162263,gp Thulasizwe Primary School (BOKSBURG)
700240663,gp Entokozweni Primary School
700110056,gp Alpha Primary School
700241753,gp Shalom Primary School
700150151,gp Bramley Primary School
700120139,gp Floridalaan Primary School
700232082,gp Patogeng Primary School
700250647,gp Ebenhaeser Primary School
700321869,gp Chrystal Springs Private Combined School
700400242,gp Buhle Park Primary School
700250803,gp Paardekraal Primary School
700311217,gp Lebone Primary School
700120733,gp Suidheuwels Primary School
700341024,gp Nokulunga Primary School
700240275,gp Haakdoorn Primary School
700240499,gp A Re Thabeng Primary School
700331348,gp Skansdam Farm Primary School
700230961,gp Pretoria East Primary School
700400393,gp Kingsway No 2 Primary School
700121756,gp Siyavuma Primary School
700914265,gp Reatlegile Primary School
700140400,gp Boepakitso Primary School
700311019,gp Dumehlezi Primary School
700330878,gp Itemoheng Primary School
700320309,gp Batloung Primary School
700252859,gp Millenium Primary School
700910531,gp Ikeleng Primary School
700250118,gp Discovery Primary School
700912396,gp Reinotswe Special School
700260398,gp Kreft Primary School
700251934,gp Tarlton Farm Combined School
700340646,gp Hleziphi Primary School
700141192,gp T C Esterhuysen Primary School
700120170,gp Heerengracht Primary School
700140962,gp Thabisile Primary School
700232687,gp Brindhaven Primary School
700140277,gp Piet van Vuuren Primary School
700131102,gp Orange Grove Primary School
700132399,gp Leratong Primary School
700241083,gp Phumzile Primary School
700261099,gp Moduopo Primary School
700211672,gp Sizanani Special School
700310102,gp Anzac Primary School
700111559,gp Spectrum Primary School
700240697,gp St Francis Primary School
700150557,gp HA Jack Primary School
700220541,gp Balebogeng Primary School
700261537,gp Madibatlou Combined School
700341412,gp Tshwaragano Primary School
700120220,gp Mcbain Charles Primary School
700912053,gp Tane Primary School
700270694,gp Ekuphakameni Mine Primary School
700270306,gp Laerskool Glenharvie Combined School
700131409,gp Roseneath Primary School
700911931,gp Sekampaneng Primary School
700232272,gp Thoho-ya-Ndou Primary School
700261719,gp Kanana Primary School
700400077,gp Steve Biko Primary School
700221036,gp Rethakgetse Primary School
700120832,gp Meredale Primary School
700400176,gp June Nicholls Special School
700271205,gp Western Area Mine Combined School
700331496,gp Vukuzakhe Primary School
700340265,gp AA Visser Primary School
700161927,gp Nageng Primary School
700350314,gp Selectionpark Primary School
700241000,gp Mzimuhle Primary School
700260059,gp Bonaero Park Primary School
700911487,gp Namo Primary School
700310961,gp Dan Pharasi Primary School
700160994,gp van Dyk Primary School
700220384,gp Skuilkrans Primary School
700270512,gp Rockland Primary School
700232074,gp Paradise Bend Primary School
700121400,gp Isaacson Primary School
700270900,gp Maputle Primary School
700111005,gp Mara Primary School
700221325,gp Via Nova School for the Mentally Disabled
700320465,gp Ekujuleni Primary School
700161687,gp Abinala Primary School
700131177,gp Parkview Junior Primary School
700310557,gp Rynfield Primary School (MATHERS Str)
700341503,gp Vumbeni Primary School
700241422,gp Tomarie Farm Primary School
700341073,gp Pheasant Folly Farm Primary School
700930928,gp Losberg Primary School
700271130,gp Tsitsiboga Combined School
700261701,gp Ebony Park Primary School
700320127,gp Noordhoek Primary School
700140475,gp Elitheni Primary School
700232330,gp Zodwa School for Mentally Handicapped Learners
700310813,gp Tom Newby Primary School
700251199,gp Atlholang Combined School
700232661,gp Phuthaditshaba Primary School
700310268,gp Farrarmere Primary School
700230805,gp Broederstroom Primary School
700121558,gp Mochochonono Primary School
700251942,gp Thabang Primary School (SOWETO)
700140830,gp Moruta Thuto Primary School
700251652,gp Unified Public Combined School
700240887,gp Lesedi Potlana Primary School
700130666,gp Johannesburg Girls' Preparatory Primary School
700120741,gp Montanus Primary School
700331223,gp Ratasetjhaba Farm Primary School
700220061,gp P S Fourie Primary School
700400207,gp Hammanskraal West Primary School
700110833,gp Khulani Primary School
700311316,gp Magalelagase Primary School
700251561,gp Lengau Combined School
700140236,gp Esperanza Primary School
700251462,gp Ithembalihle Primary School
700251603,gp Magaliesburg Group of Schools
700310086,gp Rynsoord Primary School
700231035,gp Wonderboom South Primary School
700350751,gp Iphahamiseng Primary School
700310227,gp Brenthurst Primary School
700210286,gp Irene Primary School
700133116,gp Thabisang Primary School
700350777,gp Job Maseko Primary School
700152330,gp Sefikeng Combined School
700121632,gp Nkholi Primary School
700340869,gp Lungisani Primary School
700910962,gp Mabu-a-Tlou Primary School
700220376,gp Silverton Primary School
700121418,gp Isipho Primary School
700132175,gp Emisebeni Junior Primary School
700240937,gp Mathaga Primary School
700400082,gp Braamfischerville Primary School
700400533,gp Dulcie September Primary School
700120014,gp Boekenhout Primary School
700400121,gp Harry Gwala Primary School
700230920,gp Kwaggasrand Primary School
700240952,gp Meetseng Primary School
700110114,gp Harmony Primary School
700140707,gp Lejoeleputsoa Primary School
700220616,gp Emthunzini Primary School
700221002,gp Refentse Primary School (MAMELODI WEST)
700111336,gp Thaba Tshehlo Primary School
700311472,gp Rolihlahla Primary School
700151365,gp Risidale Primary School
700161349,gp Primrose Primary School
700400587,gp Lufereng Primary School
700130344,gp Fairview Junior Primary School
700241034,gp Ntsha Peu Primary School
700320184,gp Oliver Lodge Primary School
700210807,gp Rooihuiskraal Primary School
700270959,gp Mohlakeng Public Primary School
700311399,gp Moshoeshoe Primary School
700150813,gp Fontainebleau Primary School
700400060,gp Bakerton Primary School
700210773,gp Olifantsfontein Primary School
700110916,gp Lethabo Primary School
700331173,gp Qhakazani Primary School
700400083,gp Freedom Primary School
700260356,gp Edleen Combined School
700350579,gp Bochabela Farm Primary School
700320838,gp Lesedi-la-Thuto Primary School
700161273,gp Leeuwport Primary School
700121020,gp Rewlatch Primary School
700260638,gp Bojelong Primary School
700250787,gp Muldersdrif Primary School
700220400,gp Villieria Primary School
700261198,gp Seotloana Primary School
700320846,gp Letsemeng Primary School
700260828,gp Gahlanso Primary School
700261214,gp Siphiwe Primary School
700350595,gp Bongani Farm Primary School
700210732,gp Louis Leipoldt Primary School
700111534,gp Mid-Ennerdale Primary School
700131730,gp Yeoville Boys' Primary School
700340760,gp Khehlekile Primary School
700340919,gp Mohaung Primary School
700311209,gp Kuzimisela Primary School
700321174,gp Nonediba Primary School
700240754,gp Ikhwezilethemba Primary School
700221432,gp Nellmapius Primary School
700321042,gp Mojala-Thuto Primary School
700261446,gp Welomlambo Primary School
700310045,gp Actonville Primary School
700251348,gp Dr Mary Malahlela Primary School
700221482,gp Meetse-a-Bophelo Primary School
700220897,gp Moretele Primary School
700340927,gp Mohlodi Primary School
700121566,gp Molalatladi Primary School
700311266,gp Letsha Primary School
700132076,gp Ditawana Primary School
700140012,gp Bernard Isaacs Primary School
700121293,gp Emathafeni Primary School
700310458,gp Brakpan East Primary School
700110627,gp Elsie Ngidi Primary School
700270280,gp De Beer Primary School
700120048,gp Delrado Primary School
700152082,gp Dr Knak Primary School
700160358,gp Dunvegan Primary School
700311480,gp Shadrack Mbambo Primary School
700400080,gp Dr Mathole Motshekga Primary School
700331520,gp Vuyo Primary School
700251306,gp Die Poort Farm Primary School
700310920,gp Bhekimfundo Primary School
700910367,gp Fatlhogang Primary School
700341354,gp Thokoza Primary School
700120295,gp Parkdale Primary School
700911520,gp Nong Primary School
700400116,gp Obed Mosiane Primary School
700320135,gp Oospark Primary School
700912039,gp Sunvalley Primary School
700311167,gp Katlego Primary School
700910214,gp Botsalo Primary School
700400539,gp Sicelo Primary School
700210831,gp Uitsig Primary School
700400684,gp Noordwyk Primary School
700310474,gp Dalview Primary School
700260364,gp Impala Primary School
700310011,gp Geluksdal Primary School
700150847,gp Unika Primary School
700140996,gp Thobeka Primary School
700133512,gp Parktown Public Primary School
700231803,gp Jj De Jong Primary School
700211441,gp Kgoro Primary School
700321018,gp Mogogodi Primary School
700321646,gp Tshediso Primary School
700110809,gp Kgatelopele Primary School
700150839,gp Louw Geldenhuys Primary School
700230797,gp Booysens Primary School
700241240,gp Sediba-sa-Tsebo Primary School
700261347,gp Thuthuka Primary School
700230060,gp Laudium Primary School
700250985,gp Ridgevale Primary School
700250175,gp Horizon View Primary School
700340547,gp Dukathole Primary School
700251769,gp Phatudi Combined School
700120071,gp Eldorado Park Combined School
700240325,gp Theresapark Primary School
47068,gp Society For Care of Mentally and Physically Disabled
700162271,gp Mampudi Primary School
700270272,gp Dagbreek Primary School
700211755,gp Vezulwazi Primary School
700321737,gp Zitha Primary School
700240911,gp Mafumbuka Primary School
700230268,gp Hamilton Primary School
700210013,gp Onverwacht Primary School
700321240,gp Phehello Primary School
700270330,gp Modderfontein Primary School
700400701,gp Larochelle Primary School
700161331,gp Primrose Hill Primary School
700330514,gp Park Ridge Primary School
700110288,gp Parkside Primary School
700220913,gp Mveledzo Primary School
700140459,gp Dzata Primary School
700320952,gp Evaton Primary School
700320721,gp Kitso Primary School
700271239,gp Zuurbekom Combined School
700212267,gp Walter Sisulu Primary School
700133363,gp Ferreira Primary School
700251678,gp Matla Intermediate School
700162107,gp Zimele Primary School
700331207,gp Radipabi Primary School
700230193,gp Capital Park Primary School
700240689,gp Filadelfia School for the Deaf
700161638,gp Wit Deep Primary School
700270850,gp Letsatsing Mine Intermediate School
700400326,gp Rondebult Primary School
700261180,gp Sedibeng Primary School (TEMBISA)
700120246,gp Milnerton Primary School
700351023,gp Redumeletswe Primary School
700331165,gp Pudumo Primary School
700912187,gp Tlotlompho Primary School
700130575,gp I H Harris Primary School
700261404,gp Ukukhula Farm Primary School
700330373,gp Handhawer Primary School
700221200,gp Zakhele Primary School
700260331,gp Bredell Primary School
700251785,gp Rand Gold Farm Primary School
700241802,gp Itumeleng Madiba Primary School
700910836,gp Lefofa Primary School
700161935,gp Ndlelenhle Primary School
700250639,gp Dr Havinga Primary School
700160382,gp Eastleigh Primary School
700120873,gp Park Junior Primary School
700260703,gp Ecaleni Primary School
700340117,gp Alberview Primary School
700210781,gp Paratus Primary School
700160879,gp Concordia Primary School
700151019,gp Montrose Primary School
700140558,gp Ikaneng Combined School
700330464,gp Eligwa Primary School
700930471,gp Greenspark Primary School
700250753,gp Krugersdorp North Primary School
700912018,gp St Camillus Primary School
700321125,gp Motlotlo Primary School
700152108,gp Ekukhanyisweni Primary School
700260521,gp Westside Primary School
700911388,gp Morula View Primary School
700141036,gp Tiyimiseni Primary School
700152058,gp Carter Primary School
700140491,gp Empumalanga Primary School
700910276,gp Dikgakologo Primary School
700350678,gp Emzimkhulu Primary School
700121475,gp Leihlo Primary School
700140897,gp Rebongwe Primary School
700311332,gp Mandlethu Primary School
700111013,gp Megatong Primary School
700230870,gp Generaal Jacques Pienaar Primary School
700230847,gp Eendracht Primary School
700400076,gp Mayibuye Primary School (MIDRAND)
700340703,gp Kabelo Primary School
700311308,gp Madingoane Primary School
700241166,gp Rodney Mokoena Primary School
700132548,gp Mokorotlo Primary School
700400527,gp Thorntree Primary School
700260653,gp Bonwelong Primary School
700110270,gp Park Primary School
700140293,gp Northcliff Primary School
700220533,gp Bajabulile Primary School
700310250,gp Crystal Park Primary School
700330357,gp Drie Riviere Primary School
700270017,gp Hartzstraat Primary School
700330035,gp Roshnee Primary School
700140590,gp Inkwenkwezi Primary School
700161091,gp Parkrand Primary School
700240317,gp Stephanus Roos Primary School
700331017,gp Matsie Steyn Primary School
700111104,gp Mveledzandivho Primary School
700341008,gp Mutingati Primary School
700141242,gp Westbury Primary School
700111286,gp Sivuleleni Primary School
700121640,gp Nonto Primary School
700260380,gp Kempton Park Primary School (RHODESFIELD)
700161869,gp Khayelihle Primary School
700230938,gp Mayville Primary School
700241109,gp Dimakatso Primary School
700320374,gp Bula Tsela Primary School
700341198,gp Sakhile Combined School
270538,gp Rotara Special School
700161679,gp Wychwood Primary School
700251884,gp Setlolamathe Combined School
700152355,gp Skeen Primary School
700110973,gp Mambo Primary School
700152256,gp MC Weiler Primary School
700330019,gp Rust-ter-Vaal Intermediate School
700260166,gp Kempton Park Primary School (Kempton Park)
700110049,gp Poseidon Road Primary School
700911238,gp Mmatso Primary School
700400278,gp Pretoria Primary School
700321141,gp Mqiniswa Primary School
700320648,gp Jabulani Thabang Primary School
700260869,gp PS Tsosane Primary School
700270264,gp Blyvooruitsig Primary School
700910126,gp Bodubelo Primary School
700252825,gp Tshepisong Primary School
700221135,gp Tlakukani Primary School
700121285,gp Emadlelweni Primary School
700220947,gp Ndima Primary School
700231894,gp Mahlahle Primary School
700350256,gp Christiaan Beyers Primary School
700241761,gp Sinqobile Primary School (SOSHANGUVE)
122044,gp Don Mattera Special School
700251660,gp Margaret Gwele Primary School
700321257,gp Phepane Primary School
700270736,gp Hlangabeza Primary School
700922237,gp Mandlomsobo Primary School
700111245,gp Sedibathuto Primary School
700340729,gp Keketso Primary School
700121806,gp Thembu Primary School
700211268,gp Bapsfontein Farm Primary School
700400219,gp Tsakane Extension 15 Secondary School
700111211,gp Rebone Primary School
700110098,gp Flamingo Primary School
700911994,gp Siamisang Primary School
700311845,gp Zamukhanyo Primary School
700320275,gp Atlehang Primary School
700241844,gp Lesedi Primary School
700332099,gp Govan Mbeki Primary School
700351148,gp Thembalikazulu Primary School
700130237,gp Cyrildene Primary School
700210716,gp Garsfontein Primary School
700130799,gp Orchards Primary School
700910686,gp Kgomba Primary School
700311415,gp Nqubela Primary School (BENONI)
700250837,gp Roodekrans Primary School
700230854,gp Erasmia Primary School
700310565,gp Verkenner Primary School
700120519,gp Forest Hill Primary School
700241521,gp Vukosi Primary School
700250654,gp Unity Primary School
700240630,gp Dithabaneng Primary School
700232041,gp N'wa Mhinga Primary School
700131599,gp Summerwood Primary School
700914026,gp Masakhane Primary School
700240879,gp Leeuwfontein Farm Primary School
700260968,gp Ivory Park Primary School
700400212,gp Cosmo City West Primary School
700161794,gp Graceland Education Centre
700320614,gp Iphahlolleng Primary School
700230839,gp Eben Swemmer Primary School
700270371,gp Thuto Bokamoso Primary School
700132274,gp Igugu Primary School
700340281,gp Orion Primary School
700110791,gp Karabo Primary School
700110718,gp Gazankulu Primary School
700400234,gp Menzi Primary School
700152413,gp Witkoppen Primary Farm Primary School
700310284,gp Noorderlig Intermediate School
700160473,gp Germiston South Primary School
700140673,gp Kwa-Phalo Primary School
700910524,gp Ikageng Primary School
700340059,gp Shalimar Ridge Primary School
700231951,gp Matseke Primary School
700320911,gp Makgethe Primary School
700321513,gp Thabeng Primary School
700230888,gp Generaal Nicolaas Smit Primary School
700152140,gp Ikage Primary School
700161505,gp Summerfields Primary School
700330449,gp Suikerbos Primary School
700110940,gp Lumelang Primary School (SOWETO)
700331264,gp Rekgutlile Primary School
700132597,gp Mzamo Primary School
700110346,gp Zodiac Primary School
700251231,gp Boipelo Combined School
700400277,gp Barcelona Primary School
700211409,gp Irene Farm Combined School
700240267,gp Danie Malan Primary School
700911471,gp Rekopantse Primary School
700133215,gp Tshedimosho-Mehlaleng Primary School
700251751,gp Lesego Primary School (KRUGERSDORP)
700310524,gp Northmead Primary School
700270298,gp Gerrit Maritz Primary School
700132969,gp Sizanani Primary School
700133306,gp Zakheni Primary School (SOWETO)
700131748,gp Yeoville Primary School
700350249,gp Endicott Primary School
700321273,gp Pitseng Primary School
700400523,gp Rietvallei Extention 3 Primary School
700330928,gp Lebowa Primary School
700330639,gp Selborne Primary School
700160861,gp Baanbreker Primary School
700160044,gp Lakeside Primary School
700111385,gp Thulani Primary School
2551900,gp Sizwile School
700911205,gp Mlokotwa Dube Primary School
700351288,gp Zamani Primary School
700910350,gp Edwin Moalusi Primary School
700321679,gp Tsoaranang Primary School
700910780,gp Kulani Primary School
700271495,gp Hlanganani Primary School
700261206,gp Shukumani Primary School
700925181,gp Hlabelela Primary School
700252056,gp Hector Peterson Primary School
700161018,gp Witfield Primary School
700250019,gp Dr Yusuf Dadoo Primary School
700220889,gp Morakoma Primary School
700930375,gp Fochville Primary School
700120261,gp Nancefield Primary School
700160440,gp Freeway Park Primary School
700311514,gp Siphumelele Primary School
700210856,gp Wierdapark Primary School
700150029,gp Marlboro Gardens Intermediate School
700270033,gp Toekomsrus Primary School
700221283,gp Mahlasedi-Masana Primary School
700161083,gp Parkdene Primary School
700230912,gp Kameeldrift Primary School
700311530,gp Sozizwe Primary School
700260414,gp Mooifontein Primary School
700321471,gp Siviwe Primary School
700140608,gp Ipolokeng Primary School
700110825,gp Khotso Primary School
700321463,gp Setlabotjha Primary School
700121376,gp Hoernle Primary School
700110817,gp Khauhelo Primary School
700150821,gp Halfway House Primary School
700110148,gp Lenasia Model Primary School
700162214,gp St Michael's Primary School
700151258,gp Rand Park Primary School
700240788,gp Kgotlelelang Primary School
700230896,gp Hermanstad Primary School
700241852,gp Gontse Primary School
700350736,gp Happiness Primary School
700140947,gp Meadowlands Primary School
700231779,gp Isaac More Primary School
700152454,gp Muzomuhle Primary School
700341446,gp Umkhathizwe Primary School
700340471,gp Cathula Primary School
700341388,gp Tikelo Farm Primary School
700312140,gp Langaville Primary School
700211615,gp Refano Farm Primary School
700910761,gp Kopa Dilalelo Primary School
700400541,gp Denver Primary School
700250092,gp Constantia Kloof Primary School
700331447,gp Tshepana Primary School
700400404,gp Polokong Primary School
700911703,gp Radineo Primary School
700160846,gp Klopperpark Primary School
700132522,gp Mohloding Primary School
700251686,gp Matlhasedi Combined School
700241828,gp Reabetswe Primary School
700926047,gp Zivuseni Primary School
700330407,gp Kollegepark Primary School
700132456,gp Lukholweni Primary School
700161968,gp Polokegong Primary School
700111518,gp Daxina Primary School
700111492,gp Olifantsvlei Farm Primary School
700911845,gp Retlilepele Primary School
700320549,gp Fukama Primary School
700250613,gp Culembeeck Primary School
700160036,gp Goede Hoop Primary School
700320283,gp Bafokeng Primary School
700150797,gp Boskop Primary School
700133207,gp Tshebelisanong Primary School
700231001,gp Tuine Primary School
700350389,gp Nigel Primary School
700110296,gp Pentarosa Primary School
700251397,gp Fj Kloppers Farm Primary School
700240515,gp Ayanda Primary School
700270256,gp Westgold Primary School
700120725,gp Dalmondeor Primary School
700250589,gp Krugersdorp Town Primary School
700320903,gp Makapane Primary School
700321158,gp Mthombolwazi Primary School
700261073,gp Mehlareng Combined Farm Primary School
700220624,gp Ezazi Primary School
700912363,gp Bethesda Special School
700110734,gp Ikemeleng Primary School
700210641,gp Bakenkop Primary School
700342014,gp Tamaho Primary School
700911799,gp Refitlhile Primary School
700351197,gp Tsimong Primary School
700321745,gp Zithulele Primary School
700240648,gp Dominican School for the Deaf
700140392,gp Bapedi Primary School
700133108,gp Thabaneng Primary School
700240366,gp Wonderboom Primary School
700220723,gp Koos Matli Primary School
700261131,gp Nyiko Primary School
700220368,gp Rietfontein North Primary School
700121848,gp Tshebedisano Primary School
700140954,gp Sivelile Primary School
700914036,gp Makgake Primary School
700150185,gp Bryandale Primary School
700133264,gp Vukani Primary School (SOWETO)
700400518,gp Sediba Sa Thuto Primary School
700241414,gp Tlamaganyo Primary School
700210898,gp Lynnwood Ridge Primary School
700341263,gp Simunye Primary School
700120022,gp Cavendishstraat Primary School
700311340,gp Mangosuthu Primary School
700240820,gp Kodumela Primary School
700400554,gp Laezonia Primary School
700261339,gp Thembinkosi School for LSEN
700252809,gp Klip Valley Primary School
700231373,gp Rietondale Primary School
700132407,gp Leresche Primary School
700310714,gp Rynfield Primary School (MALHERBE Str)
700161836,gp Jongimfundo Primary School
700250035,gp Arthur Matthews Primary School
700341453,gp Umtholo Primary School
700121731,gp Sefika Primary School
700261123,gp Mvelaphanda Primary School
700331462,gp Tsoelopele Primary School
700311506,gp Siphethu Primary School
700221226,gp La Montagne Primary School
700241216,gp Rivoningo Primary School
700311274,gp Letsie Primary School
700232306,gp Walton Jameson Primary School
700270892,gp Malerato Primary School
700220608,gp Emasangwene Primary School
700132308,gp Itekeng Primary School
700261164,gp Saffola Primary School
700120329,gp St Ives Primary School
700152116,gp Emfundisweni Primary School
700252792,gp Kid Maponya Primary School
700160275,gp Colin Mann Primary School
700160945,gp Goudrand Primary School
700911754,gp Rapelego Primary School
700350769,gp James Nkosi Primary School
700151944,gp Wendywood Primary School
700270504,gp Randfontein Combined School
700320267,gp Ahanang Intermediate Primary School
700133348,gp New Nation School
700350645,gp Duduza Primary School
700320341,gp Bophelong Primary School
700161877,gp Kutloanong Primary School
700331900,gp Tiisetso-Bekezela Primary School
700310466,gp Brentwoodpark Primary School
700110882,gp Leitshibolo Primary School
700400211,gp Tirisano Mmogo Primary
700311241,gp Lesabe Primary School
700220517,gp Sonitus Special School
700220046,gp Nantes Primary School
700150482,gp Franklin D Roosevelt Primary School
700141101,gp Tsumbedzo Primary School
700320382,gp Buladitshaba Primary School
700351114,gp Sizwesethu Primary School
700310052,gp Benoni Primary School
700341297,gp Sonqoba Primary School
700220327,gp Lindopark Primary School
700320861,gp Lindisa Primary School
700330431,gp Sonlandpark Primary School
700330076,gp Arcon Park Primary School
700910881,gp Lesolang Primary School
700210120,gp Glenstantia Primary School
700350892,gp Masimini Primary School
700350462,gp Selpark Primary School
700311381,gp Michael Zulu Primary School
700932331,gp Wedela Primary School
700351130,gp Thakgalang Primary School
700140160,gp Cliffview Primary School
700251595,gp Lodirile Primary School
700161976,gp Rebontsheng Primary School
700241141,gp Redibone Primary School
700400112,gp Julius Sebolai Primary School
700120527,gp Futura Special School
700400423,gp Diepsloot Primary School
700111351,gp Thathani Primary School
700400201,gp Thembekile Primary School
700211722,gp Ukuthula Farm Primary School
700350264,gp Dunnottar Primary School
700210096,gp Cullinan Intermediate School
700111468,gp Zibambele Primary School
700321562,gp Thuthukani Primary School
700911424,gp Motjibosane Primary School
700252445,gp Mphe-Thuto Primary School
700132068,gp Ditau Primary School
700340307,gp Randhart Primary School
700341362,gp Thulisa Primary School
700150425,gp Fairways Primary School
700110924,gp Lo Itekile Primary School
700341537,gp Zonkizizwe Primary School (Katlehong)
700321653,gp Tshirela Primary School
700150979,gp Midrand English Medium Primary School
700130294,gp Eastgate Primary School
700133140,gp Bree Primary School
700400178,gp Cosmo City Primary School
700321349,gp Qwelang Primary School
700120113,gp Ew Hobbs Primary School
700270876,gp Mablomong Primary School
700260745,gp Endulweni Primary School
700321661,gp Tshitso Primary School
700252098,gp Wd Oliphant Combined School
700230821,gp Die Heuwel Primary School
700120196,gp Kliptown Primary School
700910652,gp Kekana Primary School
700152157,gp Masakhane-Tswelelopele Fs-ex Impumelelo-Zandspruit Primary School
700310516,gp Morewag Primary School
700342080,gp Realeboha Primary School
700121459,gp Khandubuhle Primary School
700270587,gp Westonaria Primary School
700111443,gp Vusisizwe Primary School
700350942,gp Nkabinde Primary School
700911336,gp Molefe Mooke Primary School
700230052,gp Laudium Heights Primary School
700161190,gp Galway Primary School
700210658,gp Constantiapark Primary School
700311118,gp Inkatha Ka Zulu Primary School
700331629,gp Laus Deo Primary School
700320168,gp Vaalrivier Primary School
700270579,gp Westfields Primary School
700311522,gp Solomon Motlana Primary School
700321075,gp Montsosi Primary School
700350926,gp Muzomsha Primary School
700350728,gp Gorogang Primary School
700340943,gp Monde Primary School
700121814,gp Thusanang Primary School
700350330,gp Welgedag Primary School
700230862,gp Generaal Beyers Primary School
700121046,gp Rosettenville Central Primary School
700400327,gp Orchards Primary School (TW)
700110189,gp Lancaster Primary School
700250977,gp Rant-en-Dal Kliniek Special School
700141218,gp Dowlinglaan Primary School
700350298,gp Morester Primary School
700240283,gp Klipdrift Primary School
700130336,gp Fairsand Primary School
700131946,gp Mbuyisa Makhubu Primary School
700230979,gp Riviera Primary School
700351080,gp Sibonisiwe Primary School
700351155,gp Theo-Twala Primary School
700261107,gp Rebonwe Primary School
700252007,gp Mayibuye Primary School (SOWETO)
700211300,gp Boschkop Farm Primary School
700400078,gp Kaalfontein Primary School
700231902,gp Makgatho Primary School
700152041,gp Bovet Primary School
700232132,gp Philena Middle Farm Primary School
700910274,gp Dikago Dintle Primary School
700350835,gp Kwa-Thema Primary School
700271072,gp Izanokhanyo Combined School
700241513,gp Vukani Primary School (SOSHANGUVE)
700110064,gp Apex Primary School
700340133,gp Brackenhurst Primary School
700141226,gp Wilhelmina Hoskins Primary School
700110908,gp Thuthukani-Tswelopele Primary School
700240259,gp Akasia Primary School
700311563,gp Thuthukanisizwe Primary School
700162289,gp Dawn Park Primary School
700121707,gp Pimville Primary School
700132381,gp Lekang Primary School
700913626,gp Tim Modise Primary School
700231944,gp Masizani Primary School
700211185,gp Valhalla Primary School
700141200,gp Newclare Primary School
700220574,gp Bula-Dikgoro Primary School
700152322,gp Riversands Farm Primary School
700111179,gp Putalushaka Primary School
700160028,gp Ekurhuleni Primary School
700340877,gp Maitjibulo Primary School
700251314,gp Diphalane Primary School
700341230,gp Setsing Primary School
700320150,gp Totius Primary School
700241059,gp Padisago Primary School
700133652,gp Adelaide Tambo Special School
700340885,gp Maphanzela Primary School
700212192,gp Chokoe Primary School
700311555,gp Thopodi Primary School
700261115,gp Moriting Primary School (KEMPTON PARK)
700231522,gp Bathabile Farm Primary School
700340521,gp De Bruyn Primary School
